/*user*/

Insert into user (userId, name, email, gender, password, idRole) values ("1022356024", "Alejandro Arias", "huaariasza@unal.edu.co", "1", "89022261887", "admin");

Insert into user (userId, name, email, gender, password, idRole) values ("1022356025", "Alejandro Arias", "huaariasza@unal.edu.co", "1", "123456", "user");
Insert into user (userId, name, email, gender, password, idRole) values ("1022356026", "Hugo Arias", "huaariasza@unal.edu.co", "1", "123456", "user");
Insert into user (userId, name, email, gender, password, idRole) values ("1022356027", "Hugo Alejandro Arias", "huaariasza@unal.edu.co", "1", "123456", "user");
Insert into user (userId, name, email, gender, password, idRole) values ("1022356028", "Hugo Alejandro Arias Zamora", "huaariasza@unal.edu.co", "1", "123456", "user");

Insert into user (userId, name, email, gender, password, idRole) values ("1022356029", "Andrés René Gutierrez", "andresr@unal.edu.co", "1", "123456", "user");
Insert into user (userId, name, email, gender, password, idRole) values ("1022356030", "Andrés Gutierrez", "andresr@unal.edu.co", "1", "123456", "user");
Insert into user (userId, name, email, gender, password, idRole) values ("1022356031", "René Gutierrez", "andresr@unal.edu.co", "1", "123456", "user");

Insert into user (userId, name, email, gender, password, idRole) values ("1022356032", "Yeison García", "yeisong@unal.edu.co", "1", "123456", "user");

Insert into user (userId, name, email, gender, password, idRole) values ("1022356033", "Fernando Bello", "andresr@unal.edu.co", "1", "123456", "user");

Insert into user (userId, name, email, gender, password, idRole) values ("1022356034", "Daniel Fernando Cubides Cespedes", "danielf@unal.edu.co", "1", "123456", "user");
Insert into user (userId, name, email, gender, password, idRole) values ("1022356035", "Fernando Cubides Cespedes", "danielf@unal.edu.co", "1", "123456", "user");
Insert into user (userId, name, email, gender, password, idRole) values ("1022356036", "Daniel Cubides Cespedes", "danielf@unal.edu.co", "1", "123456", "user");
Insert into user (userId, name, email, gender, password, idRole) values ("1022356037", "Daniel Fernando Cubides", "danielf@unal.edu.co", "1", "123456", "user");
Insert into user (userId, name, email, gender, password, idRole) values ("1022356038", "Fernando Cubides", "danielf@unal.edu.co", "1", "123456", "user");
Insert into user (userId, name, email, gender, password, idRole) values ("1022356039", "Fernando Cespedes", "danielf@unal.edu.co", "1", "123456", "user");


/*resultexam*/

Insert Into resultexam (idUser, idExam, approved, status) values ("1022356025", 1000, 1, 1);
Insert Into resultexam (idUser, idExam, approved, status) values ("1022356026", 1000, 1, 1);
Insert Into resultexam (idUser, idExam, approved, status) values ("1022356027", 1000, 0, 1);
Insert Into resultexam (idUser, idExam, approved, status) values ("1022356028", 1000, 0, 1);
Insert Into resultexam (idUser, idExam, approved, status) values ("1022356029", 1000, 0, 1);
Insert Into resultexam (idUser, idExam, approved, status) values ("1022356030", 1000, 1, 1);

Insert Into resultexam (idUser, idExam, approved, status) values ("1022356025", 1001, 1, 1);
Insert Into resultexam (idUser, idExam, approved, status) values ("1022356026", 1001, 1, 1);
Insert Into resultexam (idUser, idExam, approved, status) values ("1022356027", 1001, 0, 1);
Insert Into resultexam (idUser, idExam, approved, status) values ("1022356028", 1001, 1, 1);
Insert Into resultexam (idUser, idExam, approved, status) values ("1022356029", 1001, 1, 1);
Insert Into resultexam (idUser, idExam, approved, status) values ("1022356030", 1001, 1, 1);
Insert Into resultexam (idUser, idExam, approved, status) values ("1022356031", 1001, 1, 1);
Insert Into resultexam (idUser, idExam, approved, status) values ("1022356032", 1001, 1, 1);
Insert Into resultexam (idUser, idExam, approved, status) values ("1022356033", 1001, 0, 1);
Insert Into resultexam (idUser, idExam, approved, status) values ("1022356034", 1001, 0, 1);

Insert Into resultexam (idUser, idExam, approved, status) values ("1022356025", 1002, 1, 1);
Insert Into resultexam (idUser, idExam, approved, status) values ("1022356026", 1002, 1, 1);
Insert Into resultexam (idUser, idExam, approved, status) values ("1022356027", 1002, 0, 1);
Insert Into resultexam (idUser, idExam, approved, status) values ("1022356028", 1002, 1, 1);
Insert Into resultexam (idUser, idExam, approved, status) values ("1022356029", 1002, 1, 1);
Insert Into resultexam (idUser, idExam, approved, status) values ("1022356030", 1002, 1, 1);
Insert Into resultexam (idUser, idExam, approved, status) values ("1022356031", 1002, 1, 1);
Insert Into resultexam (idUser, idExam, approved, status) values ("1022356032", 1002, 1, 1);
Insert Into resultexam (idUser, idExam, approved, status) values ("1022356033", 1002, 0, 1);
Insert Into resultexam (idUser, idExam, approved, status) values ("1022356034", 1002, 0, 1);
Insert Into resultexam (idUser, idExam, approved, status) values ("1022356035", 1002, 0, 1);
Insert Into resultexam (idUser, idExam, approved, status) values ("1022356036", 1002, 0, 1);
Insert Into resultexam (idUser, idExam, approved, status) values ("1022356037", 1002, 0, 1);
Insert Into resultexam (idUser, idExam, approved, status) values ("1022356038", 1002, 0, 1);
Insert Into resultexam (idUser, idExam, approved, status) values ("1022356039", 1002, 1, 1);

Insert Into resultexam (idUser, idExam, approved, status) values ("1022356025", 1003, 1, 1);
Insert Into resultexam (idUser, idExam, approved, status) values ("1022356026", 1003, 1, 1);
Insert Into resultexam (idUser, idExam, approved, status) values ("1022356027", 1003, 0, 1);
Insert Into resultexam (idUser, idExam, approved, status) values ("1022356028", 1003, 1, 1);
Insert Into resultexam (idUser, idExam, approved, status) values ("1022356029", 1003, 1, 1);
Insert Into resultexam (idUser, idExam, approved, status) values ("1022356030", 1003, 1, 1);
Insert Into resultexam (idUser, idExam, approved, status) values ("1022356031", 1003, 1, 1);
Insert Into resultexam (idUser, idExam, approved, status) values ("1022356032", 1003, 1, 1);
Insert Into resultexam (idUser, idExam, approved, status) values ("1022356033", 1003, 0, 1);
Insert Into resultexam (idUser, idExam, approved, status) values ("1022356034", 1003, 0, 1);
Insert Into resultexam (idUser, idExam, approved, status) values ("1022356035", 1003, 0, 1);
Insert Into resultexam (idUser, idExam, approved, status) values ("1022356036", 1003, 0, 1);
Insert Into resultexam (idUser, idExam, approved, status) values ("1022356037", 1003, 0, 1);
Insert Into resultexam (idUser, idExam, approved, status) values ("1022356038", 1003, 0, 1);
Insert Into resultexam (idUser, idExam, approved, status) values ("1022356039", 1003, 1, 1);

Insert Into resultexam (idUser, idExam, approved, status) values ("1022356025", 1004, 1, 1);
Insert Into resultexam (idUser, idExam, approved, status) values ("1022356026", 1004, 1, 1);
Insert Into resultexam (idUser, idExam, approved, status) values ("1022356027", 1004, 0, 1);
Insert Into resultexam (idUser, idExam, approved, status) values ("1022356028", 1004, 1, 1);
Insert Into resultexam (idUser, idExam, approved, status) values ("1022356029", 1004, 1, 1);
Insert Into resultexam (idUser, idExam, approved, status) values ("1022356030", 1004, 1, 1);
Insert Into resultexam (idUser, idExam, approved, status) values ("1022356031", 1004, 1, 1);
Insert Into resultexam (idUser, idExam, approved, status) values ("1022356032", 1004, 1, 1);

Insert Into resultexam (idUser, idExam, approved, status) values ("1022356025", 1005, 0, 0);
Insert Into resultexam (idUser, idExam, approved, status) values ("1022356026", 1005, 0, 0);
Insert Into resultexam (idUser, idExam, approved, status) values ("1022356027", 1005, 0, 0);
Insert Into resultexam (idUser, idExam, approved, status) values ("1022356028", 1005, 0, 0);
Insert Into resultexam (idUser, idExam, approved, status) values ("1022356029", 1005, 0, 0);
Insert Into resultexam (idUser, idExam, approved, status) values ("1022356030", 1005, 0, 0);
Insert Into resultexam (idUser, idExam, approved, status) values ("1022356031", 1005, 0, 0);
Insert Into resultexam (idUser, idExam, approved, status) values ("1022356032", 1005, 0, 0);



/*role*/
Insert into role (roleId, description) values ("admin", "Administrador");
Insert into role (roleId, description) values ("user", "Usuario");

/*Exams*/

Insert Into exam (name, expeditionDate, realizationDate, certificationDate, description) values("Scrum Máster", '2016-2-04', '2016-2-24', '2016-2-28', "Examen para rol de Scrum Máster");
Insert Into exam (name, expeditionDate, realizationDate, certificationDate, description) values("Desarrollador", '2016-2-04', '2016-2-24', '2016-2-28', "Examen para hacer parte del equipo de desarrollo");
Insert Into exam (name, expeditionDate, realizationDate, certificationDate, description) values("Consultor ITIL", '2016-2-14', '2016-3-04', '2016-3-18', "Examen para consultor organizacional especializado en ITIL");
Insert Into exam (name, expeditionDate, realizationDate, certificationDate, description) values("Consultor eTOM", '2016-2-15', '2016-3-05', '2016-3-18', "Examen para consultor organizacional especializado en eTOM");
Insert Into exam (name, expeditionDate, realizationDate, certificationDate, description) values("Analista de redes Cisco", '2016-3-15', '2016-3-25', '2016-3-29', "Examen para analista de redes con especializaciones en cisco CCNA y CCNP");
Insert Into exam (name, expeditionDate, realizationDate, certificationDate, description) values("Analista de bases de datos", '2016-2-15', '2016-3-05', '2016-3-15', "Examen para analista de bases de datos oracle");


