/*roles*/
Insert into role (roleId, description) values ("admin", "Administrador");
Insert into role (roleId, description) values ("user", "Usuario");


/* Usuarios */

insert into examsdb.authentication (authenticationId, password) Values ('alejandro1', '123456789');
insert into examsdb.authentication (authenticationId, password) Values ('alejandro2', '123456789');
insert into examsdb.authentication (authenticationId, password) Values ('alejandro3', '123456789');
insert into examsdb.authentication (authenticationId, password) Values ('alejandro4', '123456789');
insert into examsdb.authentication (authenticationId, password) Values ('alejandro5', '123456789');
insert into examsdb.authentication (authenticationId, password) Values ('alejandro6', '123456789');
insert into examsdb.authentication (authenticationId, password) Values ('alejandro7', '123456789');
insert into examsdb.authentication (authenticationId, password) Values ('alejandro8', '123456789');
insert into examsdb.authentication (authenticationId, password) Values ('alejandro9', '123456789');
insert into examsdb.authentication (authenticationId, password) Values ('alejandro10', '123456789');
insert into examsdb.authentication (authenticationId, password) Values ('alejandro11', '123456789');
insert into examsdb.authentication (authenticationId, password) Values ('alejandro12', '123456789');

INSERT INTO examsdb.user (name, email, gender, idRole,idAuthentication) VALUES ('1022342001', 'prueba@mail.com',  1, 'user', 'alejandro1');
INSERT INTO examsdb.user (name, email, gender, idRole,idAuthentication) VALUES ('1022342002', 'prueba@mail.com',  1, 'user', 'alejandro2');
INSERT INTO examsdb.user (name, email, gender, idRole,idAuthentication) VALUES ('1022342003', 'prueba@mail.com',  1, 'user', 'alejandro3');
INSERT INTO examsdb.user (name, email, gender, idRole,idAuthentication) VALUES ('1022342004', 'prueba@mail.com',  1, 'user', 'alejandro4');
INSERT INTO examsdb.user (name, email, gender, idRole,idAuthentication) VALUES ('1022342005', 'prueba@mail.com',  1, 'user', 'alejandro5');
INSERT INTO examsdb.user (name, email, gender, idRole,idAuthentication) VALUES ('1022342006', 'prueba@mail.com',  1, 'user', 'alejandro6');
INSERT INTO examsdb.user (name, email, gender, idRole,idAuthentication) VALUES ('1022342007', 'prueba@mail.com',  1, 'user', 'alejandro7');
INSERT INTO examsdb.user (name, email, gender, idRole,idAuthentication) VALUES ('1022342008', 'prueba@mail.com',  1, 'user', 'alejandro8');
INSERT INTO examsdb.user (name, email, gender, idRole,idAuthentication) VALUES ('1022342009', 'prueba@mail.com',  1, 'user', 'alejandro9');
INSERT INTO examsdb.user (name, email, gender, idRole,idAuthentication) VALUES ('1022342010', 'prueba@mail.com',  1, 'user', 'alejandro10');
INSERT INTO examsdb.user (name, email, gender, idRole,idAuthentication) VALUES ('1022342011', 'prueba@mail.com',  1, 'user', 'alejandro11');
INSERT INTO examsdb.user (name, email, gender, idRole,idAuthentication) VALUES ('1022342012', 'prueba@mail.com',  1, 'user', 'alejandro12');

insert into examsdb.authentication (authenticationId, password) Values ('andres1', '123456789');
insert into examsdb.authentication (authenticationId, password) Values ('andres2', '123456789');
insert into examsdb.authentication (authenticationId, password) Values ('andres3', '123456789');
insert into examsdb.authentication (authenticationId, password) Values ('andres4', '123456789');
insert into examsdb.authentication (authenticationId, password) Values ('andres5', '123456789');
insert into examsdb.authentication (authenticationId, password) Values ('andres6', '123456789');
insert into examsdb.authentication (authenticationId, password) Values ('andres7', '123456789');
insert into examsdb.authentication (authenticationId, password) Values ('andres8', '123456789');
insert into examsdb.authentication (authenticationId, password) Values ('andres9', '123456789');
insert into examsdb.authentication (authenticationId, password) Values ('andres10', '123456789');
insert into examsdb.authentication (authenticationId, password) Values ('andres11', '123456789');
insert into examsdb.authentication (authenticationId, password) Values ('andres12', '123456789');

INSERT INTO examsdb.user (name, email, gender, idRole,idAuthentication) VALUES ('1022343001', 'prueba@mail.com',  1, 'user', 'andres1');
INSERT INTO examsdb.user (name, email, gender, idRole,idAuthentication) VALUES ('1022343002', 'prueba@mail.com',  1, 'user', 'andres2');
INSERT INTO examsdb.user (name, email, gender, idRole,idAuthentication) VALUES ('1022343003', 'prueba@mail.com',  1, 'user', 'andres3');
INSERT INTO examsdb.user (name, email, gender, idRole,idAuthentication) VALUES ('1022343004', 'prueba@mail.com',  1, 'user', 'andres4');
INSERT INTO examsdb.user (name, email, gender, idRole,idAuthentication) VALUES ('1022343005', 'prueba@mail.com',  1, 'user', 'andres5');
INSERT INTO examsdb.user (name, email, gender, idRole,idAuthentication) VALUES ('1022343006', 'prueba@mail.com',  1, 'user', 'andres6');
INSERT INTO examsdb.user (name, email, gender, idRole,idAuthentication) VALUES ('1022343007', 'prueba@mail.com',  1, 'user', 'andres7');
INSERT INTO examsdb.user (name, email, gender, idRole,idAuthentication) VALUES ('1022343008', 'prueba@mail.com',  1, 'user', 'andres8');
INSERT INTO examsdb.user (name, email, gender, idRole,idAuthentication) VALUES ('1022343009', 'prueba@mail.com',  1, 'user', 'andres9');
INSERT INTO examsdb.user (name, email, gender, idRole,idAuthentication) VALUES ('1022343010', 'prueba@mail.com',  1, 'user', 'andres10');
INSERT INTO examsdb.user (name, email, gender, idRole,idAuthentication) VALUES ('1022343011', 'prueba@mail.com',  1, 'user', 'andres11');
INSERT INTO examsdb.user (name, email, gender, idRole,idAuthentication) VALUES ('1022343012', 'prueba@mail.com',  1, 'user', 'andres12');

insert into examsdb.authentication (authenticationId, password) Values ('yeison1', '123456789');
insert into examsdb.authentication (authenticationId, password) Values ('yeison2', '123456789');
insert into examsdb.authentication (authenticationId, password) Values ('yeison3', '123456789');
insert into examsdb.authentication (authenticationId, password) Values ('yeison4', '123456789');
insert into examsdb.authentication (authenticationId, password) Values ('yeison5', '123456789');
insert into examsdb.authentication (authenticationId, password) Values ('yeison6', '123456789');
insert into examsdb.authentication (authenticationId, password) Values ('yeison7', '123456789');
insert into examsdb.authentication (authenticationId, password) Values ('yeison8', '123456789');
insert into examsdb.authentication (authenticationId, password) Values ('yeison9', '123456789');
insert into examsdb.authentication (authenticationId, password) Values ('yeison10', '123456789');
insert into examsdb.authentication (authenticationId, password) Values ('yeison11', '123456789');
insert into examsdb.authentication (authenticationId, password) Values ('yeison12', '123456789');

INSERT INTO examsdb.user (name, email, gender, idRole,idAuthentication) VALUES ('1022344001', 'prueba@mail.com',  1, 'user', 'yeison1');
INSERT INTO examsdb.user (name, email, gender, idRole,idAuthentication) VALUES ('1022344002', 'prueba@mail.com',  1, 'user', 'yeison2');
INSERT INTO examsdb.user (name, email, gender, idRole,idAuthentication) VALUES ('1022344003', 'prueba@mail.com',  1, 'user', 'yeison3');
INSERT INTO examsdb.user (name, email, gender, idRole,idAuthentication) VALUES ('1022344004', 'prueba@mail.com',  1, 'user', 'yeison4');
INSERT INTO examsdb.user (name, email, gender, idRole,idAuthentication) VALUES ('1022344005', 'prueba@mail.com',  1, 'user', 'yeison5');
INSERT INTO examsdb.user (name, email, gender, idRole,idAuthentication) VALUES ('1022344006', 'prueba@mail.com',  1, 'user', 'yeison6');
INSERT INTO examsdb.user (name, email, gender, idRole,idAuthentication) VALUES ('1022344007', 'prueba@mail.com',  1, 'user', 'yeison7');
INSERT INTO examsdb.user (name, email, gender, idRole,idAuthentication) VALUES ('1022344008', 'prueba@mail.com',  1, 'user', 'yeison8');
INSERT INTO examsdb.user (name, email, gender, idRole,idAuthentication) VALUES ('1022344009', 'prueba@mail.com',  1, 'user', 'yeison9');
INSERT INTO examsdb.user (name, email, gender, idRole,idAuthentication) VALUES ('1022344010', 'prueba@mail.com',  1, 'user', 'yeison10');
INSERT INTO examsdb.user (name, email, gender, idRole,idAuthentication) VALUES ('1022344011', 'prueba@mail.com',  1, 'user', 'yeison11');
INSERT INTO examsdb.user (name, email, gender, idRole,idAuthentication) VALUES ('1022344012', 'prueba@mail.com',  1, 'user', 'yeison12');

insert into examsdb.authentication (authenticationId, password) Values ('fernando1', '123456789');
insert into examsdb.authentication (authenticationId, password) Values ('fernando2', '123456789');
insert into examsdb.authentication (authenticationId, password) Values ('fernando3', '123456789');
insert into examsdb.authentication (authenticationId, password) Values ('fernando4', '123456789');
insert into examsdb.authentication (authenticationId, password) Values ('fernando5', '123456789');
insert into examsdb.authentication (authenticationId, password) Values ('fernando6', '123456789');
insert into examsdb.authentication (authenticationId, password) Values ('fernando7', '123456789');
insert into examsdb.authentication (authenticationId, password) Values ('fernando8', '123456789');
insert into examsdb.authentication (authenticationId, password) Values ('fernando9', '123456789');
insert into examsdb.authentication (authenticationId, password) Values ('fernando10', '123456789');
insert into examsdb.authentication (authenticationId, password) Values ('fernando11', '123456789');
insert into examsdb.authentication (authenticationId, password) Values ('fernando12', '123456789');

INSERT INTO examsdb.user (name, email, gender, idRole,idAuthentication) VALUES ('1022345001', 'prueba@mail.com',  1, 'user', 'fernando1');
INSERT INTO examsdb.user (name, email, gender, idRole,idAuthentication) VALUES ('1022345002', 'prueba@mail.com',  1, 'user', 'fernando2');
INSERT INTO examsdb.user (name, email, gender, idRole,idAuthentication) VALUES ('1022345003', 'prueba@mail.com',  1, 'user', 'fernando3');
INSERT INTO examsdb.user (name, email, gender, idRole,idAuthentication) VALUES ('1022345004', 'prueba@mail.com',  1, 'user', 'fernando4');
INSERT INTO examsdb.user (name, email, gender, idRole,idAuthentication) VALUES ('1022345005', 'prueba@mail.com',  1, 'user', 'fernando5');
INSERT INTO examsdb.user (name, email, gender, idRole,idAuthentication) VALUES ('1022345006', 'prueba@mail.com',  1, 'user', 'fernando6');
INSERT INTO examsdb.user (name, email, gender, idRole,idAuthentication) VALUES ('1022345007', 'prueba@mail.com',  1, 'user', 'fernando7');
INSERT INTO examsdb.user (name, email, gender, idRole,idAuthentication) VALUES ('1022345008', 'prueba@mail.com',  1, 'user', 'fernando8');
INSERT INTO examsdb.user (name, email, gender, idRole,idAuthentication) VALUES ('1022345009', 'prueba@mail.com',  1, 'user', 'fernando9');
INSERT INTO examsdb.user (name, email, gender, idRole,idAuthentication) VALUES ('1022345010', 'prueba@mail.com',  1, 'user', 'fernando10');
INSERT INTO examsdb.user (name, email, gender, idRole,idAuthentication) VALUES ('1022345011', 'prueba@mail.com',  1, 'user', 'fernando11');
INSERT INTO examsdb.user (name, email, gender, idRole,idAuthentication) VALUES ('1022345012', 'prueba@mail.com',  1, 'user', 'fernando12');

/*Exams*/

Insert Into exam (name, expeditionDate, realizationDate, certificationDate, description) values("Scrum Máster", '2016-2-04', '2016-2-24', '2016-2-28', "Examen para rol de Scrum Máster");
Insert Into exam (name, expeditionDate, realizationDate, certificationDate, description) values("Desarrollador", '2016-2-04', '2016-2-24', '2016-2-28', "Examen para hacer parte del equipo de desarrollo");
Insert Into exam (name, expeditionDate, realizationDate, certificationDate, description) values("Consultor ITIL", '2016-2-14', '2016-3-04', '2016-3-18', "Examen para consultor organizacional especializado en ITIL");
Insert Into exam (name, expeditionDate, realizationDate, certificationDate, description) values("Consultor eTOM", '2016-2-15', '2016-3-05', '2016-3-18', "Examen para consultor organizacional especializado en eTOM");
Insert Into exam (name, expeditionDate, realizationDate, certificationDate, description) values("Analista de redes Cisco", '2016-3-15', '2016-3-25', '2016-3-29', "Examen para analista de redes con especializaciones en cisco CCNA y CCNP");
Insert Into exam (name, expeditionDate, realizationDate, certificationDate, description) values("Analista de bases de datos", '2016-2-15', '2016-3-05', '2016-3-15', "Examen para analista de bases de datos oracle");

Insert Into resultexam (idUser, idExam, approved, status) values ("yeison1", 1000, 1, 1);
Insert Into resultexam (idUser, idExam, approved, status) values ("yeison2", 1000, 0, 1);
Insert Into resultexam (idUser, idExam, approved, status) values ("yeison3", 1000, 1, 1);
Insert Into resultexam (idUser, idExam, approved, status) values ("yeison4", 1000, 0, 1);
Insert Into resultexam (idUser, idExam, approved, status) values ("yeison5", 1000, 1, 1);
Insert Into resultexam (idUser, idExam, approved, status) values ("yeison6", 1000, 1, 1);
Insert Into resultexam (idUser, idExam, approved, status) values ("yeison7", 1000, 0, 1);
Insert Into resultexam (idUser, idExam, approved, status) values ("yeison8", 1000, 1, 1);
Insert Into resultexam (idUser, idExam, approved, status) values ("yeison9", 1000, 1, 1);
Insert Into resultexam (idUser, idExam, approved, status) values ("yeison10", 1000, 1, 1);
Insert Into resultexam (idUser, idExam, approved, status) values ("yeison11", 1000, 1, 1);
Insert Into resultexam (idUser, idExam, approved, status) values ("yeison12", 1000, 1, 1);

Insert Into resultexam (idUser, idExam, approved, status) values ("fernando1", 1000, 1, 1);
Insert Into resultexam (idUser, idExam, approved, status) values ("fernando2", 1000, 0, 1);
Insert Into resultexam (idUser, idExam, approved, status) values ("fernando3", 1000, 0, 1);
Insert Into resultexam (idUser, idExam, approved, status) values ("fernando4", 1000, 1, 1);
Insert Into resultexam (idUser, idExam, approved, status) values ("fernando5", 1000, 1, 1);
Insert Into resultexam (idUser, idExam, approved, status) values ("fernando6", 1000, 0, 1);
Insert Into resultexam (idUser, idExam, approved, status) values ("fernando7", 1000, 1, 1);
Insert Into resultexam (idUser, idExam, approved, status) values ("fernando8", 1000, 0, 1);
Insert Into resultexam (idUser, idExam, approved, status) values ("fernando9", 1000, 1, 1);
Insert Into resultexam (idUser, idExam, approved, status) values ("fernando10", 1000, 1, 1);
Insert Into resultexam (idUser, idExam, approved, status) values ("fernando11", 1000, 0, 1);
Insert Into resultexam (idUser, idExam, approved, status) values ("fernando12", 1000, 1, 1);

Insert Into resultexam (idUser, idExam, approved, status) values ("andres1", 1000, 1, 1);
Insert Into resultexam (idUser, idExam, approved, status) values ("andres2", 1000, 0, 1);
Insert Into resultexam (idUser, idExam, approved, status) values ("andres3", 1000, 1, 1);
Insert Into resultexam (idUser, idExam, approved, status) values ("andres4", 1000, 1, 1);
Insert Into resultexam (idUser, idExam, approved, status) values ("andres5", 1000, 0, 1);
Insert Into resultexam (idUser, idExam, approved, status) values ("andres6", 1000, 1, 1);
Insert Into resultexam (idUser, idExam, approved, status) values ("andres7", 1000, 1, 1);
Insert Into resultexam (idUser, idExam, approved, status) values ("andres8", 1000, 0, 1);
Insert Into resultexam (idUser, idExam, approved, status) values ("andres9", 1000, 1, 1);
Insert Into resultexam (idUser, idExam, approved, status) values ("andres10", 1000, 1, 1);
Insert Into resultexam (idUser, idExam, approved, status) values ("andres11", 1000, 0, 1);
Insert Into resultexam (idUser, idExam, approved, status) values ("andres12", 1000, 1, 1);

Insert Into resultexam (idUser, idExam, approved, status) values ("alejandro1", 1000, 1, 1);
Insert Into resultexam (idUser, idExam, approved, status) values ("alejandro2", 1000, 1, 1);
Insert Into resultexam (idUser, idExam, approved, status) values ("alejandro3", 1000, 1, 1);
Insert Into resultexam (idUser, idExam, approved, status) values ("alejandro4", 1000, 0, 1);
Insert Into resultexam (idUser, idExam, approved, status) values ("alejandro5", 1000, 1, 1);
Insert Into resultexam (idUser, idExam, approved, status) values ("alejandro6", 1000, 1, 1);
Insert Into resultexam (idUser, idExam, approved, status) values ("alejandro7", 1000, 1, 1);
Insert Into resultexam (idUser, idExam, approved, status) values ("alejandro8", 1000, 1, 1);
Insert Into resultexam (idUser, idExam, approved, status) values ("alejandro9", 1000, 0, 1);
Insert Into resultexam (idUser, idExam, approved, status) values ("alejandro10", 1000, 1, 1);
Insert Into resultexam (idUser, idExam, approved, status) values ("alejandro11", 1000, 1, 1);
Insert Into resultexam (idUser, idExam, approved, status) values ("alejandro12", 1000, 1, 1);


Insert Into resultexam (idUser, idExam, approved, status) values ("yeison1", 1001, 1, 1);
Insert Into resultexam (idUser, idExam, approved, status) values ("yeison2", 1001, 0, 1);
Insert Into resultexam (idUser, idExam, approved, status) values ("yeison3", 1001, 1, 1);
Insert Into resultexam (idUser, idExam, approved, status) values ("yeison4", 1001, 0, 1);
Insert Into resultexam (idUser, idExam, approved, status) values ("yeison5", 1001, 1, 1);
Insert Into resultexam (idUser, idExam, approved, status) values ("yeison6", 1001, 1, 1);
Insert Into resultexam (idUser, idExam, approved, status) values ("yeison7", 1001, 0, 1);
Insert Into resultexam (idUser, idExam, approved, status) values ("yeison8", 1001, 1, 1);
Insert Into resultexam (idUser, idExam, approved, status) values ("yeison9", 1001, 1, 1);
Insert Into resultexam (idUser, idExam, approved, status) values ("yeison10", 1001, 1, 1);
Insert Into resultexam (idUser, idExam, approved, status) values ("yeison11", 1001, 1, 1);
Insert Into resultexam (idUser, idExam, approved, status) values ("yeison12", 1001, 1, 1);

Insert Into resultexam (idUser, idExam, approved, status) values ("fernando1", 1001, 1, 1);
Insert Into resultexam (idUser, idExam, approved, status) values ("fernando2", 1001, 0, 1);
Insert Into resultexam (idUser, idExam, approved, status) values ("fernando3", 1002, 0, 1);
Insert Into resultexam (idUser, idExam, approved, status) values ("fernando4", 1002, 1, 1);
Insert Into resultexam (idUser, idExam, approved, status) values ("fernando5", 1002, 1, 1);
Insert Into resultexam (idUser, idExam, approved, status) values ("fernando6", 1002, 0, 1);
Insert Into resultexam (idUser, idExam, approved, status) values ("fernando7", 1002, 1, 1);
Insert Into resultexam (idUser, idExam, approved, status) values ("fernando8", 1002, 0, 1);
Insert Into resultexam (idUser, idExam, approved, status) values ("fernando9", 1002, 1, 1);
Insert Into resultexam (idUser, idExam, approved, status) values ("fernando10", 1002, 1, 1);
Insert Into resultexam (idUser, idExam, approved, status) values ("fernando11", 1002, 0, 1);
Insert Into resultexam (idUser, idExam, approved, status) values ("fernando12", 1002, 1, 1);

Insert Into resultexam (idUser, idExam, approved, status) values ("andres1", 1003, 1, 1);
Insert Into resultexam (idUser, idExam, approved, status) values ("andres2", 1003, 0, 1);
Insert Into resultexam (idUser, idExam, approved, status) values ("andres3", 1003, 1, 1);
Insert Into resultexam (idUser, idExam, approved, status) values ("andres4", 1003, 1, 1);
Insert Into resultexam (idUser, idExam, approved, status) values ("andres5", 1003, 0, 1);
Insert Into resultexam (idUser, idExam, approved, status) values ("andres6", 1003, 1, 1);
Insert Into resultexam (idUser, idExam, approved, status) values ("andres7", 1003, 1, 1);
Insert Into resultexam (idUser, idExam, approved, status) values ("andres8", 1003, 0, 1);
Insert Into resultexam (idUser, idExam, approved, status) values ("andres9", 1003, 1, 1);
Insert Into resultexam (idUser, idExam, approved, status) values ("andres10", 1003, 1, 1);
Insert Into resultexam (idUser, idExam, approved, status) values ("andres11", 1003, 0, 1);
Insert Into resultexam (idUser, idExam, approved, status) values ("andres12", 1003, 1, 1);

Insert Into resultexam (idUser, idExam, approved, status) values ("alejandro1", 1004, 1, 1);
Insert Into resultexam (idUser, idExam, approved, status) values ("alejandro2", 1004, 1, 1);
Insert Into resultexam (idUser, idExam, approved, status) values ("alejandro3", 1004, 1, 1);
Insert Into resultexam (idUser, idExam, approved, status) values ("alejandro4", 1004, 0, 1);
Insert Into resultexam (idUser, idExam, approved, status) values ("alejandro5", 1004, 1, 1);
Insert Into resultexam (idUser, idExam, approved, status) values ("alejandro6", 1004, 1, 1);
Insert Into resultexam (idUser, idExam, approved, status) values ("alejandro7", 1004, 1, 1);
Insert Into resultexam (idUser, idExam, approved, status) values ("alejandro8", 1004, 1, 1);
Insert Into resultexam (idUser, idExam, approved, status) values ("alejandro9", 1004, 0, 1);
Insert Into resultexam (idUser, idExam, approved, status) values ("alejandro10", 1004, 1, 1);
Insert Into resultexam (idUser, idExam, approved, status) values ("alejandro11", 1004, 1, 1);
Insert Into resultexam (idUser, idExam, approved, status) values ("alejandro12", 1004, 1, 1);

